Recency,Frequency,Monetary
325,0,0.0
2,2458,4310.0
75,2332,1437.24
18,630,1457.55
310,196,294.4
36,463,1265.41
204,20,89.0
232,530,1079.4
214,240,459.4
22,1573,2487.43
33,2708,6207.67
1,242,928.0600000000001
7,1599,6182.9800000000005
52,1156,2302.06
287,90,174.9
3,2180,4665.58
109,408,552.0
7,1499,1208.1
291,173,320.69
4,172,150.9
51,2349,3421.94
59,582,1527.96
71,788,1196.04
311,196,324.6
25,339,622.93
2,175,375.42
315,942,1548.12
129,2529,4008.62
81,401,775.29
21,1109,2423.56
4,772,1433.46
184,1515,1617.31
28,117,406.16
337,354,401.9
15,1462,2780.66
79,350,504.84000000000003
21,293,439.66
72,816,1582.6000000000001
63,808,1080.48
15,2092,2662.28
35,1250,2214.9
45,1389,1435.66
119,1173,1033.65
303,10,69.3
323,92,195.6
49,94,391.7
148,849,1390.39
22,1809,3280.75
49,1403,1507.1200000000001
32,1382,2587.57
78,5543,11056.93
301,205,521.08
74,824,1142.88
66,281,676.15
217,297,442.41
24,76946,123638.18
3,1514,3155.8
112,407,668.58
63,345,600.39
15,478,639.04
95,367,683.5600000000001
0,1312,1624.11
162,740,1760.96
78,496,777.2
194,254,510.73
11,229,582.37
25,3477,6366.0
9,1538,3388.4
43,116,216.4
35,2839,6243.89
42,1800,4359.32
0,11071,13375.87
84,373,765.19
79,2055,7829.89
99,209,429.01000000000005
1,2889,4392.66
14,1169,2466.85
366,120,155.55
3,181,144.06
21,1130,4085.46
22,60,77.4
57,351,1002.3100000000001
243,187,431.49
44,240,365.45
22,1523,3596.29
156,128,197.88
10,6454,8893.52
16,181,348.57
134,473,707.09
53,0,5.684341886080802e-14
73,2084,2339.86
44,1601,2553.89
58,686,1597.78
71,502,787.4
154,282,626.88
2,505,872.01
46,751,1165.63
10,95,957.05
7,471,673.89
143,360,652.04
2,7846,16323.52
30,3992,5725.48
53,2323,2545.27
17,4715,6434.7699999999995
53,532,669.38
1,2286,5628.58
22,3620,13117.01
3,233,545.99
3,348,423.3
28,1685,2885.63
22,3248,4998.36
17,1084,1873.13
35,2160,3892.87
9,526,1244.66
336,103,298.93
5,3033,4859.93
38,258,424.40000000000003
63,190,227.21
165,203,362.79
9,682,995.35
81,1231,953.1
21,156,349.70000000000005
23,2660,4023.27
315,1714,1945.68
95,794,2995.87
18,48,59.99999999999999
232,23,73.5
134,874,1006.06
26,271,397.88
284,54,158.5
142,347,814.5699999999999
66,96,132.18
84,453,532.79
267,440,1017.68
353,128,278.7
77,868,1186.06
28,1328,2263.65
0,1306,1840.89
63,172,276.84
79,1414,2294.5099999999998
142,306,545.68
39,192,156.72
1,856,1655.57
9,3669,3945.72
0,624,1172.66
81,233,330.71000000000004
9,734,1634.28
59,891,1461.63
14,45,125.22
30,151,313.83000000000004
130,645,981.18
91,219,716.35
7,2672,4151.26
29,191,363.95
22,2067,5568.35
19,6612,11489.039999999999
29,675,841.18
29,130,299.7
75,517,832.39
46,612,1001.5
197,132,151.79999999999998
166,48,67.19999999999999
79,564,824.83
357,100,168.0
39,85,317.82
8,1901,3238.25
50,355,599.56
16,4384,11990.960000000001
1,0,1.0658141036401503e-14
310,279,500.21000000000004
5,1066,1885.39
302,177,238.85
8,1757,3385.7400000000002
261,130,402.9
281,75,131.17
72,261,292.7
22,4045,8322.94
2,1741,3128.9900000000002
39,523,519.61
8,444,896.72
227,84,160.54000000000002
315,59,182.45000000000002
35,964,1306.98
35,462,560.25
21,1157,2361.36
73,276,374.72
246,236,379.7
39,160,179.71
238,296,351.36
2,4978,6629.34
3,351,1809.95
234,1246,1766.81
17,77,179.94000000000003
7,50,104.0
39,52,174.89999999999998
28,302,574.68
190,4278,9338.38
317,225,368.85
92,288,401.6
108,204,382.09999999999997
37,1772,3208.2200000000003
51,468,450.27
19,2165,3067.13
9,1928,2786.68
29,948,888.58
28,758,2311.04
189,239,479.56
58,162,153.12
79,200,236.18
365,-4,-7.5
58,0,3.552713678800501e-15
78,639,964.85
22,1018,1705.99
52,846,1193.32
57,249,607.59
31,1582,2966.98
277,76,315.6
2,1365,2093.19
85,269,585.25
29,210,352.98
21,95,137.31
16,3337,2908.81
14,1179,1303.41
1,7333,12334.07
232,68,162.1
276,189,269.1
106,351,569.13
211,1563,2362.32
23,3313,5722.35
10,2730,4082.53
4,442,715.61
9,542,1030.88
57,232,480.5
58,1136,1906.63
89,1162,1509.18
67,2974,5790.25
33,573,511.69
238,198,366.1
23,301,994.58
115,71,145.9
25,546,905.26
128,1788,3041.64
129,325,477.91
33,1064,1611.38
4,897,1346.97
22,1387,3093.92
154,159,300.05
107,571,549.71
3,250,242.44000000000003
334,78,114.0
322,495,788.53
148,919,2209.85
10,260,529.98
17,1684,3550.72
11,646,1008.0600000000001
18,317,632.05
29,104,73.68
11,126,227.1
0,2023,3511.08
8,1188,4391.88
324,35,43.75
359,-56,-227.44
58,391,460.13
7,1560,3113.18
150,1104,1427.73
10,1377,2734.15
329,78,225.89999999999998
5,349,574.52
11,1096,1796.26
24,664,1091.39
42,10876,16291.26
52,521,896.67
0,439,790.81
14,7442,12309.59
3,5485,11019.82
4,4850,7357.09
7,1973,2073.63
28,1507,2575.08
371,106,71.14
113,3028,4873.8099999999995
25,622,1139.61
205,103,335.01
28,388,927.8
120,242,686.96
70,503,761.67
7,220,582.1
21,494,739.02
7,2944,4525.99
79,674,725.71
19,52,201.0
64,160,256.7
7,991,1740.84
15,3946,6328.24
291,256,603.42
29,1255,2346.32
3,3792,8959.75
96,842,1004.5699999999999
22,1019,3791.63
0,505,794.55
9,3046,4294.86
106,190,263.36
3,703,963.49
151,502,830.98
71,201,202.25
5,357,536.1
2,4618,5065.28
31,1939,2358.98
85,559,886.33
3,433,707.07
5,439,923.41
371,162,371.8
28,3132,2411.1
10,2056,3425.7
71,413,728.33
113,231,417.01
23,8359,18660.41
179,110,218.26000000000002
234,137,383.95
352,88,110.39999999999999
315,363,689.5699999999999
332,168,144.0
372,147,137.35
99,485,975.54
63,342,427.6
134,315,540.13
56,5234,9120.39
2,1275,4196.01
0,23516,29819.99
3,1421,3818.2
128,137,275.88
81,2262,4366.78
3,11250,21024.01
235,6481,3010.74
249,867,2220.75
86,144,112.07999999999998
15,2375,4161.75
116,2135,2791.59
52,894,1411.44
7,1220,1702.52
138,316,494.08
316,386,1693.88
3,3627,6457.63
238,356,1143.6
210,743,1351.45
59,551,752.47
17,846,1246.24
19,817,693.23
21,1996,3868.7
21,592,671.72
4,1056,1881.3200000000002
2,611,1295.87
15,278,476.82
2,126,249.71
9,258,418.66
65,3,76.85
192,164,294.92
256,215,344.53999999999996
334,292,461.48
53,592,860.41
18,64,318.48
360,78,166.18
10,5256,6977.04
183,300,382.58
36,187,455.65000000000003
168,216,400.36
261,227,458.85
44,164,229.64000000000001
147,374,863.46
95,125,452.20000000000005
281,52,126.03999999999999
178,914,1157.88
3,722,942.34
214,70,92.72
70,548,918.98
74,230,1759.5
59,232,397.12
2,1054,1468.1200000000001
5,197,430.15000000000003
2,494,1018.71
322,375,253.05
37,9848,6814.64
262,135,215.05
32,195,383.03
145,156,417.38
282,110,312.38
59,1062,2610.36
173,24,134.1
33,355,671.95
2,3805,5588.12
143,1505,2714.27
4,2646,3845.63
70,547,1118.99
65,753,1680.76
29,125,325.96000000000004
267,204,354.09
22,873,843.64
31,579,992.65
96,106,131.81
290,145,299.75
107,782,1881.7
78,621,1280.9
372,30,38.1
7,1073,2153.53
210,343,1106.4
52,186,504.2
138,216,147.12
26,877,1548.07
283,167,499.12
26,4261,3962.99
185,928,1607.0600000000002
366,-2,-14.899999999999999
84,200,380.64
326,319,599.97
282,128,374.0
143,2019,343.2300000000001
57,1930,2053.02
3,1178,1535.77
18,536,841.64
44,363,552.5699999999999
275,21,298.0
9,246,1463.04
24,196,703.47
88,43,309.05
63,654,1158.27
67,761,1351.09
214,68,313.77
24,256,376.71999999999997
185,950,331.0
30,90,176.55
42,204,347.3
204,110,216.5
8,21299,16316.14
264,66,138.68
18,294,496.06
11,1749,2919.81
176,600,360.0
39,1270,2128.83
23,1692,3075.04
2,670,1662.3
4,1417,2453.63
148,93,363.65
138,1075,2921.15
128,120,594.0
8,668,1301.44
17,128,162.78
3,9454,16389.74
161,370,405.38
64,67,171.57
88,479,922.0
4,540,679.05
35,1472,2062.7000000000003
122,36,105.1
78,250,409.9
21,23577,33544.81
24,498,606.28
2,1852,2156.45
17,539,1012.9
15,1007,1504.27
25,140,114.14
64,4876,11581.8
46,399,862.44
131,198,675.6
35,289,604.51
288,165,462.95
143,1157,1407.29
16,1077,2053.7
30,2363,4143.02
2,1380,1843.0
8,500,1042.07
5,652,1382.8400000000001
9,84,329.85
1,3642,4734.26
306,34,108.07
4,2531,3979.04
7,129,266.39
8,881,1856.63
89,282,769.8100000000001
9,75,160.18
3,243,1194.75
112,73,135.95
7,268,405.47
3,9204,10933.76
197,24,144.8
211,561,738.6
156,12,39.239999999999995
155,864,7092.06
29,242,372.21999999999997
239,278,377.2
18,26,97.5
0,1413,1215.6200000000001
73,217,545.0
292,126,505.82
3,2915,6854.51
31,200,409.5
23,405,503.76
23,240,414.76
4,440,902.22
77,98,200.72
22,648,1197.94
196,342,455.88
106,379,534.85
4,5482,9765.07
318,73,120.94999999999999
105,103,149.05
11,4796,5613.43
173,167,468.95
56,55,81.57
323,115,178.46999999999997
372,13,50.550000000000004
9,668,1301.72
1,2217,4786.99
2,884,3365.43
53,1609,3339.64
73,527,789.89
16,5434,7272.75
4,1336,2584.4
64,280,599.9
1,1587,943.77
113,17280,6912.0
22,796,659.68
30,134,1247.5
11,348,752.4399999999999
38,367,996.52
357,83,190.55
54,369,642.77
57,627,886.63
138,431,881.07
80,360,908.46
8,355,676.99
253,251,471.57
291,429,560.47
99,221,305.28000000000003
30,264,629.31
46,1355,3089.1
14,1220,1789.41
64,268,656.6800000000001
9,3706,5680.86
212,222,348.15000000000003
64,891,1201.96
24,52,271.40000000000003
249,35,183.4
253,123,307.53
72,107,248.61
191,342,331.98
12,514,1105.59
373,74,205.86
24,320,430.9
82,32,115.46000000000001
10,200,344.0
0,5454,3713.14
192,110,228.8
266,69,177.15
129,485,919.61
1,862,728.02
1,5557,12432.28
4,62,220.10000000000002
179,120,58.08
1,18930,27972.08
126,4313,3595.48
4,187,303.75
157,108,272.38
2,30742,57322.13
8,2193,8674.39
21,450,319.82
70,271,459.83
267,3943,7741.47
21,1542,1708.8600000000001
70,144,74.39999999999999
32,2339,5901.07
1,15911,28658.88
234,113,101.19
1,4160,6336.29
39,82,243.94
3,504,1098.48
128,14,59.5
44,1288,1524.07
372,298,350.06
2,514,766.84
31,384,1452.8700000000001
0,2596,10523.65
8,1534,2205.63
117,290,485.19
21,945,984.91
19,389,1125.0
269,227,254.73
94,585,922.39
89,2119,3756.33
4,2130,2056.29
77,127,259.17
94,32,64.0
23,443,1039.3
261,20,77.3
273,32,109.8
72,1044,1740.63
50,1312,2545.38
10,2204,3603.29
22,473,962.39
16,2418,5055.79
108,185,422.47
84,1547,2385.8
19,258,307.09
332,21,110.95
39,142,614.77
26,154,228.91
10,144,712.8000000000001
29,1818,3324.62
14,1280,1676.06
203,361,1250.3700000000001
5,418,486.22
33,497,971.76
49,1430,1721.57
94,784,1201.06
8,1044,1371.25
22,56,91.8
313,29,112.75
122,1663,1644.99
46,1376,1021.48
282,214,414.7
18,773,779.33
36,668,1290.54
63,272,712.88
26,141,108.81
8,227,426.81
4,277,353.65
16,1351,2738.82
46,448,481.49
64,91,282.45
26,3570,5725.47
45,201,121.18
7,2208,3957.78
14,1631,1615.45
39,804,1539.69
337,95,236.02
18,842,260.68
95,595,911.94
61,46,112.08
135,26,60.7
11,1224,1797.78
10,2645,3384.09
3,6171,9788.96
19,516,870.09
9,800,869.46
15,130,250.26000000000002
59,767,1193.17
30,4232,5820.16
93,316,353.48
10,834,1095.42
9,308,779.33
56,1357,1518.43
267,297,333.74
122,114,133.62
127,88,62.63999999999999
78,196,819.2900000000001
240,243,844.86
200,88,163.20000000000002
60,1509,2147.85
3,3352,6083.04
273,80,108.21000000000001
201,99,257.7
81,200,358.0
225,63,160.95
4,1517,2712.07
12,771,1327.75
74,1004,605.12
212,441,1031.07
24,411,727.27
11,296,680.83
261,327,329.56
96,297,648.7
112,130,270.40000000000003
203,232,585.12
92,38,121.74000000000001
50,125,430.5
18,1537,1896.32
17,328,501.12
124,305,465.68
92,546,711.41
156,1572,1030.4
3,174,390.66
11,282,672.83
61,126,283.18
61,142,557.62
268,210,944.1
263,125,200.29
1,4761,7411.71
53,1740,2092.66
11,4299,3717.67
2,1939,4404.44
17,3525,3105.66
1,3508,5312.97
37,168,172.37
31,96,276.56
113,153,138.98
63,161,590.9300000000001
15,176,258.4
40,537,542.73
64,70,126.30000000000001
122,518,798.46
18,289,1047.8400000000001
59,90,93.66
322,79,196.15
23,2051,2709.12
155,233,361.11
38,347,578.9399999999999
189,453,873.74
359,81,197.95000000000002
137,78,87.4
7,963,2089.85
1,96,360.0
268,30,142.5
164,201,365.29
103,343,600.19
351,238,300.42
4,1232,2000.86
22,840,1367.6100000000001
7,1544,1456.79
8,575,1083.63
4,305,598.57
22,851,1555.32
1,487,593.51
37,5508,5732.93
64,1003,2140.07
1,304,640.76
5,4686,10664.34
70,1056,1475.2
72,372,567.36
17,117,199.48000000000002
3,175,787.85
32,5200,7072.8
81,240,675.3
38,1588,3617.57
316,680,1308.48
31,427,740.4
92,751,1140.93
14,179,350.9
82,1764,3502.32
77,559,795.12
154,246,381.82
200,326,860.12
45,5770,10736.48
260,301,775.85
172,125,253.93
67,952,2511.69
276,138,327.6
70,204,291.36
64,136,233.76
10,224,197.32
16,282,810.72
66,116,323.94
7,314,339.28
71,604,743.53
122,314,674.7
80,325,768.24
257,321,609.4
268,284,389.03
59,158,381.26
3,1379,3085.4900000000002
17,708,892.5
66,0,0.0
8,1238,2191.22
256,326,573.4
354,126,213.75
366,336,721.32
89,158,328.64
60,1651,3312.25
81,441,772.9
99,490,869.76
26,601,572.56
21,2027,3626.81
280,131,222.99
30,2415,4122.28
329,281,534.57
121,281,627.15
11,428,782.96
74,224,544.08
1,2216,2318.3
185,336,307.72
21,592,1325.29
72,429,1539.18
192,281,457.34
127,479,621.23
17,44,75.0
1,111,252.49
204,163,557.45
1,16128,27888.38
8,513,988.91
107,72,213.55
133,1574,1390.5
43,142,712.5
4,162,640.83
11,3839,5845.44
63,275,221.06
134,88,140.35
40,1102,1821.11
51,1321,2601.55
108,1122,1609.21
0,2225,3558.32
19,545,582.6
10,151,201.78
10,1390,1006.8
18,739,652.07
67,672,1269.1
74,300,534.24
5,2125,3794.4900000000002
1,76,196.89
14,1283,3408.06
255,242,283.71
91,204,296.64
23,577,1104.23
16,1626,3460.9900000000002
23,222,291.88
26,1982,2043.7199999999998
26,2122,2838.56
259,2,590.0
165,134,356.97999999999996
24,345,1007.35
17,755,1722.8200000000002
7,5460,9537.92
29,286,183.44
38,1170,1445.0
183,61,143.25
58,403,674.68
100,258,297.95
10,580,1071.91
1,2581,5656.75
99,100,165.0
1,1583,2501.84
60,260,417.54
236,129,226.84
191,1012,1431.78
178,414,1092.77
37,1018,1441.53
198,133,291.0
45,1127,1776.81
232,116,184.64
65,160,140.34
241,44,313.8
233,277,454.24
78,669,1122.41
57,265,575.4
17,4512,8910.61
105,560,449.52
51,903,1215.82
136,408,1269.84
275,377,498.63
311,162,316.26000000000005
7,814,1990.1200000000001
10,329,617.93
282,159,321.05
17,1358,1146.96
23,585,1136.77
242,557,1310.47
16,264,292.0
71,248,216.85
64,178,295.93
67,2442,3522.88
312,321,452.82
3,1597,2479.16
243,24,110.97
8,1105,964.72
1,1382,1785.16
260,143,251.21
126,109,205.1
73,40,152.20000000000002
72,681,891.12
21,984,1374.41
59,1360,2109.07
85,382,627.16
50,22,110.80000000000001
58,1629,2967.75
1,715,1070.47
30,44,125.80000000000001
33,1745,3755.38
40,322,650.1800000000001
14,394,628.78
33,1664,2218.61
78,74,307.76
205,174,483.8
33,129,210.31
182,202,269.09
2,2876,5613.08
1,2126,3444.39
43,175,1280.85
85,314,605.84
39,112,276.06
12,357,621.09
96,436,678.16
25,457,916.12
319,12,91.80000000000001
66,1386,3539.53
73,2636,4098.88
28,546,584.06
5,338,594.52
7,63,171.42000000000002
215,83,141.85999999999999
81,757,1799.33
84,209,777.53
354,635,1174.03
19,172,240.22
40,567,856.84
173,66,187.05
17,155,337.12
243,161,239.49
12,1757,2088.94
205,534,1384.25
50,302,290.25
23,449,732.0699999999999
10,2640,6703.3
25,771,1658.3
14,176,467.04
309,30,118.0
155,725,781.03
306,37,142.4
31,160,347.0
15,2574,2449.5299999999997
14,114,379.65
11,1846,1976.12
64,485,1117.13
35,84,247.95999999999998
108,695,1965.0800000000002
52,359,396.97
5,384,664.11
47,51,147.29
1,3169,5028.57
312,324,219.52
45,548,693.32
64,267,428.89
26,164,164.34
29,276,276.75
40,288,675.51
12,486,1065.88
89,750,1140.8
24,564,1585.46
312,183,399.99
40,300,544.18
173,246,177.34
116,343,213.85
30,282,696.2
252,209,257.23
59,1266,1624.02
23,4372,7792.36
5,1377,1995.68
99,460,3021.77
24,1030,2114.68
33,700,1547.3600000000001
67,677,1071.03
36,586,941.62
52,404,803.05
15,93,122.64
74,800,1033.34
215,151,312.28
31,273,519.44
8,2060,2597.52
120,158,252.1
9,886,1640.22
256,139,346.6
16,918,1809.34
39,32,79.2
45,578,1095.08
43,2182,2707.33
114,605,932.97
164,490,379.65
10,208,367.14
9,1009,2421.47
197,867,1540.65
85,528,862.58
179,91,189.47
60,41,84.65
149,149,299.05
2,3617,6162.31
50,237,218.55
75,282,349.7
301,0,0.0
18,114,387.44
151,330,486.82000000000005
151,924,232.6
1,1265,2199.01
17,360,827.83
187,10,59.5
285,37,62.13
2,5056,3119.44
182,70,72.0
63,512,910.0
59,67,172.25
24,1225,1473.3700000000001
325,-6,-32.0
3,61904,62961.54
31,1599,2444.13
38,177,151.29999999999998
155,66,308.58000000000004
26,2281,2248.63
5,1528,2295.31
7,363,711.86
302,189,330.79
267,351,806.41
271,300,283.33
3,3493,6228.71
31,176,180.48
218,140,252.06
246,352,228.84
281,554,1051.99
269,138,138.28
32,1958,1432.26
246,173,306.55
15,609,1041.68
116,500,784.9
36,316,524.14
120,1400,2369.16
217,43,199.85000000000002
49,659,1809.81
38,1054,1079.6599999999999
28,162,333.48
36,458,1016.14
135,488,752.6
219,278,610.59
28,498,491.86
24,1081,2764.48
5,492,721.9
200,125,339.59999999999997
18,54,216.9
240,425,350.75
71,217,666.33
16,1107,3079.27
2,1775,1340.1499999999999
95,1153,1080.52
151,486,291.54
95,439,948.25
53,516,1647.26
288,152,296.25
124,873,1145.38
287,512,741.26
151,214,282.59999999999997
3,1219,2101.39
2,3164,5145.12
11,1844,3190.55
33,287,659.4100000000001
54,197,286.79
50,642,1070.65
204,0,3.552713678800501e-15
63,725,1689.46
70,923,1516.42
2,7258,16945.71
2,1152,2771.87
64,1476,2631.7
33,540,1122.63
81,192,345.0
0,12807,25758.100000000002
103,70,178.7
7,318,360.01
250,30,127.84
12,369,908.86
9,2493,2462.79
367,136,230.39999999999998
75,337,309.04
4,748,348.8
43,828,1047.68
66,92,195.55
1,23515,36352.87
116,402,688.86
309,331,558.32
66,168,324.8
138,2281,3906.27
255,121,277.07
30,1462,2588.39
52,1900,924.6
63,56,256.38
367,36,112.6
5,782,1747.66
305,29,155.05
28,307,827.51
183,63,519.75
42,330,485.0
39,539,1155.41
56,862,1562.12
22,2537,3654.91
23,256,483.04
29,208,328.98
301,1109,1140.35
144,153,385.64
5,611,632.0
18,439,957.66
32,768,1698.94
158,81,179.55
57,138,409.8
22,311,209.49
16,743,2198.45
17,25,40.949999999999996
159,117,383.85
25,442,834.57
211,182,266.59000000000003
5,254,674.82
58,1768,3385.62
11,196,361.62
64,182,312.98
24,383,847.61
92,3700,1255.0
51,1016,1537.95
88,941,1586.81
95,1705,2651.46
8,304,1056.94
8,2278,8025.0199999999995
168,484,363.4
57,75,216.17
326,129,201.16
1,589,1240.0
18,1682,2187.31
245,219,299.56
58,204,501.56
74,57,145.67000000000002
31,501,1005.09
7,1964,3192.54
123,1709,3083.65
2,1320,2751.25
22,2801,6389.8
119,138,381.7
358,180,540.45
53,1316,1786.79
63,36,122.7
86,108,117.24
54,463,1271.57
21,1842,3219.77
3,10062,16989.52
2,950,1131.28
1,1369,2542.25
7,297,781.3000000000001
189,182,506.8
71,126,243.56
204,147,349.55
119,254,595.67
92,146,416.90000000000003
1,826,1860.8600000000001
26,983,632.97
297,190,821.1
22,339,535.97
21,1364,2588.12
50,200,311.16
325,133,155.93
16,156,388.52
183,430,740.95
72,1739,2867.2
37,332,332.64
79,1469,2297.05
57,2731,2580.91
3,379,613.95
49,228,272.04
49,1140,1212.8400000000001
53,435,314.15999999999997
351,93,172.25
53,185,351.13
1,1532,1682.08
36,327,616.65
23,104,223.85000000000002
74,214,348.99
10,129,464.57
169,139,802.85
57,274,337.34
85,721,1230.93
294,72,307.4
109,205,608.7900000000001
263,390,922.1
171,324,361.28
169,123,158.85
35,70,71.66
23,843,556.75
17,516,839.14
21,2307,4912.41
79,443,561.5699999999999
65,44,90.6
360,40,102.0
2,2474,2427.32
11,320,713.56
176,459,674.45
211,1424,3246.09
7,2724,3515.68
1,141,378.59
154,154,322.96
5,486,1019.27
372,-23,-102.45
79,355,594.04
21,142,230.22
21,87,169.55
308,460,664.54
145,42,80.7
7,4469,8956.92
8,1818,2702.2200000000003
70,187,190.25
287,109,264.7
49,249,413.59000000000003
31,1690,2438.19
206,154,357.98
14,315,196.79000000000002
73,639,869.87
60,172,200.14
39,1132,1861.11
29,1170,2590.46
26,271,488.03
4,3437,7024.53
17,430,320.46
19,3025,4098.8
65,1313,1266.08
213,190,311.3
12,992,846.54
30,64,76.8
32,891,3394.66
3,932,2274.14
15,867,1383.49
10,2231,3865.26
206,707,633.71
45,962,2043.0800000000002
134,877,529.73
43,2668,4582.64
9,2478,2874.72
115,641,962.19
198,361,685.9300000000001
277,160,328.8
110,462,473.02
77,1076,505.18
52,378,917.34
154,2123,4278.46
46,1034,1398.96
16,441,642.8
155,192,631.9
225,487,440.0
7,345,584.07
121,150,327.7
60,62,104.82
63,198,467.66
18,1478,2358.84
7,5371,14698.91
2,2008,2929.84
22,312,509.09
28,738,1413.02
284,268,626.65
176,46,147.20000000000002
78,963,1554.48
33,92,152.2
40,1515,3491.64
266,94,141.41
26,304,646.42
109,535,1659.75
284,443,151.59
8,377,1290.01
277,274,375.13
16,3784,5536.15
31,689,746.36
0,3740,15462.34
19,89,225.36
124,215,260.25
65,62,92.46
106,216,725.6400000000001
1,4213,8063.3
23,4705,6141.099999999999
266,128,183.6
4,5374,6135.38
9,5593,10464.85
29,1334,1168.92
266,45,152.55
63,361,374.7
320,73,265.85
3,861,1291.34
21,128,139.54
4,754,942.26
129,79,118.67
40,268,499.41999999999996
101,310,1049.37
124,301,375.1
32,48,45.599999999999994
267,589,891.77
364,110,182.25
4,705,1002.9
2,3176,4408.54
2,249,178.72
10,12593,50415.49
56,133,158.75
7,2061,4063.1
12,391,433.86
4,16336,53258.43
36,104,147.35
16,2177,3092.9700000000003
137,63,191.95000000000002
73,6942,5976.79
5,746,1060.33
154,72,216.20999999999998
85,798,1260.33
51,1788,2688.48
30,380,594.16
23,56,80.2
3,2443,5669.65
14,456,673.6
22,1608,2774.17
3,635,1377.92
273,101,386.53
19,707,1382.74
143,72,90.0
3,2078,2740.3
84,1618,419.58000000000004
10,1628,2720.63
7,457,628.6300000000001
122,321,709.71
60,564,637.5
1,592,1123.8600000000001
319,257,480.91
2,3366,3580.13
129,342,590.3399999999999
1,3850,4690.31
1,600,965.8800000000001
46,510,415.82
3,809,920.05
2,337,879.0300000000001
373,313,311.81
133,30,115.8
46,636,3148.2
8,1886,2949.57
49,96,468.4
233,16,157.2
212,129,259.43
35,496,658.64
75,699,611.09
239,465,1345.62
266,25,118.75
9,56896,113685.77
19,260,392.44
40,781,507.66
19,4332,4613.2699999999995
215,450,1097.6200000000001
173,142,289.36
87,893,2445.91
70,1033,1631.77
275,53,120.44
39,147,562.59
98,167,363.79
10,150,450.84
33,94,134.46
51,1461,3108.06
297,207,574.0
84,203,544.51
8,1492,1580.26
40,319,701.57
10,710,4640.77
66,127,452.89
331,6,197.65
8,1145,2018.91
2,3919,4604.31
1,3657,4660.01
67,445,853.39
4,5783,11216.75
201,702,962.7
106,142,335.52
4,280,663.5
218,28,185.39999999999998
60,578,688.04
2,72,150.61
16,100,228.5
239,274,308.26
94,114,151.74
10,688,2067.13
91,759,1900.89
53,1232,2208.3
89,1152,1070.48
371,-244,-1192.2
30,748,1000.23
11,1354,1777.92
3,593,1824.3
1,677,1925.3600000000001
42,160,169.48000000000002
4,78,89.94
247,272,632.4
42,2190,3427.85
177,607,683.17
92,583,975.23
110,483,1009.73
28,1289,2184.2400000000002
26,1811,3315.71
51,590,1450.6
179,402,822.0600000000001
31,1937,2043.93
43,671,1447.51
22,951,754.12
10,1947,3093.86
80,310,490.86
373,38,161.0
326,111,146.85
43,986,2323.5
30,418,890.34
183,146,213.70000000000002
234,123,280.55
8,1204,2535.88
176,971,1677.48
110,804,1474.06
278,47,136.76999999999998
318,102,302.58
7,1200,1904.05
1,1674,2879.7000000000003
254,410,935.0600000000001
51,1677,3087.27
9,7098,12650.08
141,68,120.0
50,406,1163.45
8,1645,2618.23
154,66,319.47
109,330,530.18
150,461,1279.09
331,197,492.65000000000003
225,88,112.32
73,599,437.96
51,264,559.97
88,723,1019.39
15,1614,3892.8
196,52,134.04
3,2656,3701.44
30,157,578.45
21,541,1910.01
23,4306,4595.81
8,237,156.23000000000002
212,187,413.85
8,292,911.26
11,913,2307.4500000000003
1,2748,3873.3
7,1643,4819.33
3,709,1046.56
40,83,157.70000000000002
17,862,1290.48
3,58021,50862.44
8,2013,2855.35
18,32,43.2
107,600,632.04
222,54,197.1
71,1068,1788.76
51,1073,2083.42
88,2058,2995.72
8,1619,2319.68
225,125,229.71
46,1012,1611.59
106,296,120.0
21,1010,2456.98
64,255,508.58000000000004
206,239,343.11
10,2406,1530.75
114,340,574.26
234,99,166.85
163,139,311.65
8,3067,4889.14
124,252,462.65999999999997
22,463,840.21
64,52,351.45
16,1730,2539.46
16,375,454.86
16,1759,1614.91
158,329,554.22
234,151,293.73
218,58,134.7
45,1395,2151.08
21,338,608.71
127,477,889.9300000000001
38,50,108.97999999999999
120,605,1021.58
260,183,409.57
10,86,133.5
270,166,258.7
157,538,1078.96
215,64,90.6
5,210,163.62
365,92,174.4
60,266,666.9399999999999
43,147,225.12
19,363,882.58
31,1139,2118.03
22,96,151.5
108,1967,3717.35
8,4398,9134.12
319,36,155.0
295,34,100.5
358,17,76.55
185,184,235.56
191,219,617.05
44,292,348.1
52,146,202.68
26,1231,615.49
38,817,1247.69
9,159,202.11
296,54,142.4
32,795,1727.6
8,1933,3172.04
8,702,999.72
10,2122,4582.22
218,13,67.95
2,1685,3444.11
65,225,487.99
0,1852,2556.68
141,450,559.7
4,4505,4039.98
130,513,1426.31
33,819,1409.72
119,77,156.75
107,1411,2096.08
10,1610,2599.03
71,1158,1908.25
15,298,587.45
310,196,1063.0
35,784,761.3299999999999
362,67,121.05
91,2509,1485.1299999999999
1,2958,5766.85
22,326,490.22
3,1711,1937.25
10,483,1051.79
85,333,385.87
57,365,813.11
0,2906,4263.64
218,120,265.2
18,2339,3918.9
50,228,363.34000000000003
7,420,1209.3700000000001
298,124,423.26
9,2013,2248.5
21,368,1372.8
98,129,89.06
365,60,63.0
306,82,131.9
319,526,2661.24
8,588,2357.6800000000003
0,430,1545.14
1,475,1544.62
53,931,1400.88
0,856,1005.55
18,571,1163.23
9,104,375.35
18,741,885.8
180,241,483.25
60,378,643.9
10,116,259.05
190,49,119.93
5,2842,3000.8
310,88,113.64
155,760,1837.92
110,869,383.34
148,765,2102.67
63,924,1942.45
98,178,514.62
246,398,1038.44
29,1006,2272.4
17,276,596.26
11,193,461.19
103,1135,1852.67
74,88,234.34000000000003
43,139,537.71
71,428,799.82
257,110,193.0
19,719,1307.81
253,117,316.25
11,143,279.05
164,489,636.51
18,1627,2022.81
149,95,129.2
50,210,321.92
38,70,162.8
26,711,1152.73
51,793,1047.43
207,299,463.38
175,139,340.93
7,1279,2362.84
25,92,139.56
50,62,123.8
311,159,538.8100000000001
301,233,457.47
42,1098,1957.32
26,496,808.44
88,117,356.85
64,119,190.31
19,1449,2307.14
3,2004,3543.26
47,308,673.26
17,2723,5772.49
17,704,1960.65
23,582,1352.88
22,129,268.05
11,772,1267.4099999999999
187,122,275.28
100,355,438.49
61,564,990.2
17,1110,2076.89
33,91,330.45
64,278,174.37
1,146,270.6
24,525,974.54
108,251,241.09
31,669,1843.83
8,2615,4150.07
2,2082,8477.53
37,278,364.21999999999997
60,325,578.61
25,1395,2862.11
236,284,932.85
24,2777,1812.6200000000001
2,1904,4023.95
59,1818,2831.7400000000002
259,39,170.95
57,120,355.56
64,155,388.25
15,428,537.48
9,411,952.66
58,641,1453.35
185,19,103.25
3,602,2945.22
24,1536,2004.3
4,1283,2482.86
3,2629,3953.9500000000003
150,256,652.8
311,136,289.24
10,389,757.37
18,106,186.23
151,90,164.22
19,493,859.27
10,1443,2279.4900000000002
57,122,312.54
64,0,0.0
7,1223,2174.18
75,1014,1080.76
3,1666,4682.92
95,1529,2923.77
110,800,1432.0
35,410,1524.46
1,79,227.39
280,94,217.21
3,1417,2775.39
179,528,1590.12
12,353,859.71
3,240,168.63
16,217,138.6
40,73,114.11
5,751,986.96
169,377,1020.06
50,91,157.05
227,236,134.16
18,747,1577.39
371,5,39.75
15,1228,1320.21
35,407,557.94
21,330,617.15
7,183,363.33
19,978,1740.6
11,566,866.24
44,189,221.97
305,125,393.33000000000004
10,168,213.96
274,400,660.0
1,5932,11486.6
15,6966,9793.1
4,437,1785.15
72,7026,601.56
242,104,406.08000000000004
9,259,508.59
239,145,379.51
204,188,393.28000000000003
1,987,1765.76
184,146,320.58000000000004
32,404,862.12
57,162,225.85
185,330,848.48
8,1387,2757.07
311,-5,-21.85
91,272,671.96
4,374,935.46
50,622,1006.98
262,96,114.56
266,96,344.90000000000003
36,241,609.85
50,166,443.6
52,1428,2952.34
15,823,2024.45
21,90,110.46
58,76,96.12
170,755,668.61
9,252,780.46
156,381,597.09
1,196556,278778.02
201,91,236.04000000000002
4,1004,1402.59
67,343,653.75
77,53,114.18
1,944,1916.7
3,1088,1930.15
169,120,291.05
17,465,838.27
5,47,247.15
8,1183,2456.53
86,228,285.74
26,35,107.95
28,578,741.37
19,465,636.24
60,500,1258.38
24,155,179.95
10,5315,9160.79
241,770,1259.24
280,326,392.86
234,454,765.55
3,1004,1736.4
16,336,596.36
31,2498,2543.2400000000002
25,12473,26917.34
71,76,498.95
187,80,52.0
25,821,1201.51
106,470,628.38
7,3185,5055.61
208,76,112.8
44,160,341.96
30,707,2114.33
137,255,582.05
264,34,172.9
4,1626,2070.97
218,181,188.60999999999999
1,602,1217.27
214,77,109.13000000000001
32,1314,2195.1
10,898,2462.94
1,1429,3210.29
14,183,318.17
19,1035,1461.6200000000001
2,615,1096.67
15,2482,4911.14
14,375,599.48
10,954,2809.02
29,315,917.07
9,1611,2660.1
24,229,160.19
24,521,867.38
43,495,307.51
1,1024,1571.89
5,219,663.81
147,118,180.42000000000002
10,671,1120.66
24,588,655.58
274,62,268.58
373,197,313.49
1,1078,1897.57
47,256,380.02
8,1402,2686.34
9,3725,9451.54
3,2159,5792.6900000000005
3,345,1164.55
39,576,1289.94
2,3817,3899.1
191,729,1423.21
11,841,1400.34
16,624,1073.53
112,1020,1167.16
247,82,294.3
29,1193,1318.85
43,260,389.64
87,211,563.15
44,486,638.05
9,2217,4965.38
15,416,738.96
75,160,420.5
144,419,1484.06
4,569,1625.97
294,28,53.8
58,118,255.9
263,341,300.52
43,175,250.55
29,135,254.11
8,1323,2423.07
17,34,139.5
2,7208,10382.18
232,490,876.42
112,82,139.26
58,1174,1011.9
51,2688,2195.58
4,-9,-17.45
127,306,730.86
280,84,386.15
54,310,447.68
319,114,200.10000000000002
26,237,289.99
10,84,77.4
7,421,679.4399999999999
28,116,197.64
16,699,745.06
63,0,0.0
4,88,214.14
2,669,1272.11
166,17,131.45000000000002
1,5908,7790.95
52,150,173.74
51,146,157.7
47,3623,4228.39
61,173,189.34
162,370,845.55
8,121,353.27
15,114,546.4
75,330,193.39000000000001
39,2028,2277.8
40,1015,2085.33
369,66,152.88
36,744,778.5
197,5,271.85
200,653,1010.34
73,324,657.8
64,109,272.07
21,253,507.29
366,20,48.800000000000004
180,88,321.43
10,525,1127.71
3,989,2221.01
196,2172,2139.76
29,414,644.65
53,163,188.03
17,731,1698.35
10,43,99.44999999999999
89,1430,1641.2
267,31,62.85
53,1778,3295.76
35,1146,2456.8
63,1833,3189.81
148,120,309.4
21,5656,7904.28
311,285,278.15
23,325,511.35
58,1747,2836.69
8,81,463.05
78,1810,2730.09
119,267,645.65
36,711,1290.53
59,455,1165.65
12,669,1352.04
8,230,168.62
52,117,125.79
25,772,841.1999999999999
29,132,266.76
7,108,52.2
10,6568,14160.95
185,327,701.33
3,1399,2939.64
3,548,717.7
261,119,327.25
3,179,501.28000000000003
210,168,519.68
9,555,1457.67
12,799,1476.09
77,364,675.59
19,316,255.4
26,158,589.7
18,789,756.64
131,724,765.3199999999999
252,160,364.8
79,1100,1862.0
207,184,369.2
336,90,135.9
253,51,125.65
148,505,554.38
9,799,1237.8500000000001
85,265,655.75
7,4823,11020.26
204,279,468.77000000000004
7,468,1366.38
23,989,1194.11
11,659,1414.99
21,209,314.11
21,1486,2729.18
2,1985,1025.44
154,274,599.9
3,1686,3478.85
74,132,277.8
2,221,389.86
1,76823,128768.24
16,971,867.85
35,1743,1227.43
85,105,258.83
70,1132,1264.84
115,675,1610.15
212,509,977.77
30,953,1316.07
50,418,749.1
245,64,310.05
32,136,223.88
108,1160,2362.96
4,414,864.6800000000001
365,79,313.53
72,1041,1888.84
297,935,1784.71
9,4083,8117.42
56,483,1617.63
29,2801,5842.95
14,22,100.9
72,178,275.82
23,661,1066.57
8,135,361.25
79,311,311.69
46,3295,7912.79
25,224,285.67
12,117,294.85
253,34,58.49
147,128,483.72999999999996
59,491,684.97
8,221,221.27
10,3692,7006.58
270,44,126.7
9,1159,1472.34
247,143,206.21
96,363,596.09
14,179,183.02
49,140,463.8
30,127,147.59
68,250,1592.06
35,639,1097.98
128,28,114.77
107,369,1314.45
37,37,89.94
57,380,279.94
57,228,749.86
72,523,1921.3700000000001
246,97,102.12
19,58,202.37
198,256,292.01
15,128,326.4
211,141,334.54
38,102,231.98000000000002
46,1102,540.98
170,258,414.87
47,218,490.52
115,862,1641.76
147,622,1220.38
15,4186,6158.84
51,285,475.43
159,69,156.91
12,639,1259.43
35,184,308.94
53,225,405.04
43,149,257.67
172,76,170.04
33,63,125.58
38,188,456.26
266,150,252.81
8,801,1829.23
11,527,852.39
3,2810,6661.91
9,902,1636.43
33,184,361.96
80,225,464.2
30,563,1051.95
8,459,627.13
71,372,518.28
4,400,653.19
256,2668,4464.1
4,1667,2538.23
15,2402,4243.21
89,245,252.73000000000002
72,316,429.56
43,182,645.84
9,9113,19638.59
170,103,179.93
199,30,135.93
31,300,537.0
19,2776,7563.88
151,106,633.66
9,3227,4921.71
269,222,343.62
65,180,377.52
273,63,121.17000000000002
25,1176,1682.77
23,1010,1383.3600000000001
319,79,207.73000000000002
4,984,693.95
12,198,302.1
275,668,1489.5
25,1054,2102.54
40,602,1325.82
8,256,293.0
3,28638,54250.34
71,763,987.86
213,56,370.79999999999995
37,1355,3135.98
31,279,760.59
78,954,1744.76
46,364,553.36
179,520,1109.53
93,269,982.07
9,277,612.43
105,431,735.67
77,447,773.03
172,571,880.85
7,5069,9623.35
212,388,893.66
22,188,487.35
256,38,88.2
281,470,306.94
21,457,1140.27
10,1359,2420.84
308,208,381.32
53,343,476.96
215,135,457.81
18,3733,4410.14
103,1077,1364.7
42,120,219.39000000000001
4,170,248.08
182,61,39619.5
84,343,410.48
330,58,635.1
8,239,310.03
31,329,703.36
166,633,968.64
18,1211,2298.93
17,1144,1407.73
311,162,260.0
141,488,1150.75
240,127,463.75
23,241,973.2
29,710,1567.48
9,2319,3339.12
30,3096,2760.56
18,157,340.11
17,648,1352.75
14,1947,1550.13
245,88,266.4
129,292,343.82
50,199,457.72
85,788,1612.13
7,1195,2199.31
22,233,184.19
25,5991,11117.05
65,251,406.53
60,1327,1423.25
50,1794,3447.4
169,197,330.11
18,679,977.9300000000001
127,680,982.42
14,887,1387.99
233,41,127.15
2,775,1282.45
239,208,178.96
52,1567,2350.0
46,365,498.74
225,150,259.45
8,3026,6530.04
4,756,1194.73
164,1459,1313.66
218,363,608.65
10,187,301.29
133,128,520.8000000000001
17,3617,5280.83
9,2694,4684.24
31,198,329.25
74,85,224.73
1,597,961.49
3,2243,1879.84
45,198,401.40000000000003
1,11394,18573.68
357,84,158.16
18,186,304.47
68,351,824.58
373,160,487.75
320,65,158.8
25,52,106.56
324,190,1034.5
8,1610,1609.05
322,145,135.75
71,454,224.14
260,30,40.5
18,1907,2186.2
367,36,87.5
66,543,684.53
154,253,622.85
29,199,402.2
70,666,310.62
14,215,411.41
1,1868,4655.08
1,6035,15802.14
119,918,1044.32
60,144,499.32
3,5648,7521.17
8,453,656.44
92,120,193.64
59,396,1268.7
78,962,927.84
25,1753,1827.8
357,258,316.58
85,378,653.24
10,162,420.29999999999995
1,314,867.62
225,228,331.18
60,240,894.4100000000001
239,33,88.94999999999999
318,270,325.05
1,1254,1661.44
44,211,615.99
87,28,96.6
10,3329,5756.89
176,45,305.75
51,1377,1758.92
366,25,114.1
318,440,585.0
225,98,454.90000000000003
358,150,310.48
234,226,409.40000000000003
310,71,154.41
36,750,1219.4
66,2252,3376.96
239,351,429.6
113,686,612.06
276,196,197.0
217,1324,2247.51
298,269,321.05
1,1071,1412.32
29,689,1056.54
10,591,764.34
44,1361,1685.57
66,1814,1723.59
74,185,316.68
65,405,631.57
134,1784,2515.84
238,247,514.15
122,160,356.0
31,3557,6657.36
9,6084,10327.11
36,522,740.78
16,864,915.3
127,275,300.36
66,489,890.85
148,55,98.45
281,45,232.14999999999998
168,142,623.16
100,861,1780.77
135,270,254.82
323,73,178.95000000000002
106,89,156.51
64,265,393.74
151,612,1506.1200000000001
338,18,119.3
22,944,1717.36
23,26,408.8
15,1459,2298.2
7,1246,2472.09
57,310,721.94
4,619,716.57
31,497,609.19
66,61,128.63
46,205,255.89999999999998
354,185,277.40999999999997
172,154,113.12
58,1193,2239.9500000000003
49,55,240.55
22,432,485.24
43,775,2306.52
29,996,935.1
4,4430,7788.7699999999995
25,2073,4551.51
201,55,178.39
44,1757,3610.31
10,290,635.04
2,2752,3774.1
67,2942,3901.0
64,292,496.44
50,2744,5007.72
290,248,574.02
60,100,680.3
64,810,1174.35
95,37,205.3
270,173,302.27
0,37673,59284.19
75,513,921.1
199,313,327.97
64,838,551.54
3,642,312.62
283,175,204.5
44,326,267.13
49,1164,2663.48
64,365,602.97
103,231,161.74
333,386,311.71
52,116,208.75
35,480,1007.5
32,1312,714.96
366,652,1661.06
208,344,1028.56
156,272,347.87
53,79,170.22
66,414,557.57
80,812,2020.52
116,276,391.76
87,84,364.5
0,106,476.58
35,78,367.69
332,144,252.42000000000002
366,130,201.60000000000002
72,84,158.04
158,321,463.90999999999997
373,51,115.65
12,721,1836.69
254,341,770.12
29,45,277.05
31,1643,2718.03
4,6928,8235.65
39,223,427.93
361,336,418.92
241,143,318.05
95,493,913.19
25,759,1549.17
75,621,602.51
57,1055,1867.69
21,230,446.94000000000005
40,828,2360.55
137,2924,2007.3999999999999
8,475,2192.11
128,126,168.0
40,615,1221.56
169,2293,3631.8900000000003
8,374,1682.3600000000001
213,171,596.85
14,4003,5927.86
169,593,635.76
40,161,316.88
186,446,394.14
270,88,140.54
4,1265,1515.73
16,150,231.86
9,910,2183.54
325,17,107.45
112,122,288.18
289,20,94.0
16,767,1339.63
1,611,815.77
92,360,666.7
148,693,626.35
189,193,349.1
18,236,426.61
33,552,1046.74
264,106,267.18
84,1200,3450.84
26,527,1336.43
171,108,190.53
9,442,759.9000000000001
313,551,559.61
64,2089,3974.37
85,284,508.8
24,230,135.86
58,500,950.36
323,38,97.7
38,101,43.5
254,554,383.34
19,645,1386.58
33,967,1430.54
15,102,93.78
26,369,364.90000000000003
23,65,171.19
79,399,417.87
8,638,997.48
22,54,149.29
12,574,1067.75
262,79,200.16
131,59,156.57999999999998
54,197,383.68
248,120,594.0
1,1636,3188.84
9,759,1411.21
264,58,113.5
330,85,155.17
312,232,494.64
26,810,971.22
30,376,429.84
29,280,528.48
1,837,1371.77
362,86,179.1
283,633,434.59000000000003
262,132,237.07
25,156,161.64
354,107,214.26
94,172,234.6
29,106,126.14
338,348,1044.65
19,1217,6945.0199999999995
85,246,334.53
9,306,511.88
35,150,438.46
43,150,504.5
2,256,454.48
113,251,371.56
14,552,1465.2
77,319,454.10999999999996
40,575,1399.92
116,303,905.5
15,2981,6353.52
161,291,225.26
1,3134,3559.21
30,1281,2564.5
22,593,1090.03
95,1623,3075.85
28,483,659.4599999999999
32,546,1918.86
21,1139,1280.58
17,622,1259.7
2,6090,13252.55
8,572,1131.56
15,3825,5548.58
362,70,141.04
81,33,52.83
52,2348,3497.14
22,842,972.08
171,160,475.86
189,440,1000.27
11,269,900.53
155,68,121.0
31,5545,14520.08
12,1761,2907.45
44,27,62.43
233,293,267.03
64,1253,1897.75
1,314,343.5
36,1675,2699.65
32,572,397.99
84,132,412.01000000000005
2,383,716.97
33,24,148.44
18,988,2411.68
254,123,229.33
22,3447,3932.6
21,938,1497.31
8,1085,1972.39
25,500,1490.98
19,256,746.92
173,121,426.4
163,29,110.92
7,410,538.46
11,200,213.3
114,49,85.13000000000001
288,86,127.86
8,3105,3542.51
54,162,288.96999999999997
7,3999,4910.6
77,681,1640.21
4,295,575.63
36,218,436.06
217,60,90.12
60,449,428.93
277,74,217.2
12,4369,4745.75
24,236,279.77
28,213,468.91
11,256,722.74
8,1430,1310.69
50,60,173.16
18,223,186.01
2,461,758.29
103,666,1375.71
7,2054,4093.27
11,264,650.4300000000001
4,1213,2533.42
31,354,583.24
177,332,675.64
37,394,921.37
151,89,258.88
162,52,127.1
68,117,327.6
156,280,717.4300000000001
24,453,682.9100000000001
23,311,718.36
176,320,455.3
50,312,913.6800000000001
252,242,456.58
46,354,388.58
70,60,199.8
15,982,1767.53
100,548,1343.34
29,276,315.71999999999997
35,156,235.68
26,718,761.74
11,4978,6745.36
8,999,1102.3700000000001
78,96,48.480000000000004
52,159,216.39
36,441,1198.23
57,720,2422.64
336,202,104.76
28,714,1093.68
182,145,270.03000000000003
51,66,112.46000000000001
9,496,1547.39
36,51,180.15
10,5493,10360.04
32,427,747.03
10,136,336.40000000000003
50,899,1524.4
4,463,1158.77
3,1552,3224.53
141,125,301.03
116,357,588.13
100,1166,1504.56
74,766,675.8
4,1882,2865.64
45,799,1180.4
15,2049,3147.31
17,99,243.55
89,284,724.76
52,128,223.36
301,-52,-94.0
134,323,425.32
4,6538,12336.74
105,1562,1887.2
179,242,647.4
166,550,803.54
18,255,611.59
157,388,425.14000000000004
204,211,584.75
336,192,816.0
36,479,646.3
91,208,337.74
92,1200,877.4399999999999
9,474,907.53
233,319,511.32
45,343,748.5
190,232,958.9
43,111,306.45
25,1037,1552.01
317,236,309.8
106,106,138.14
50,141,358.63
168,1654,2222.21
39,240,301.32
40,339,677.69
296,91,173.05
18,1679,2605.4900000000002
88,1451,2726.23
73,1075,1744.02
81,527,323.69
9,2230,3309.09
49,319,657.23
52,184,352.7
24,1170,781.28
9,952,1333.68
18,556,946.36
117,131,193.75
8,1308,2981.5
119,84,254.1
4,408,239.76
252,72,136.8
28,138,191.04
0,1664,6408.6
266,212,409.98
33,1009,2619.11
17,113,309.65
172,328,664.03
2,912,1529.0
264,66,211.5
140,1028,2293.62
201,62,143.1
59,305,1001.8100000000001
35,594,916.98
40,1208,3200.73
283,121,133.25
9,486,1072.3600000000001
143,149,346.75
11,186,330.03000000000003
145,738,1101.1100000000001
234,70,150.3
32,2716,5026.77
24,281,598.73
11,388,471.40000000000003
35,1018,2169.86
364,73,190.7
201,72,212.3
15,221,415.25
16,3063,5159.06
49,-34,-134.8
198,24,62.0
65,683,1108.38
212,215,294.12
282,62,162.3
114,346,1339.45
14,583,1106.21
18,2967,4788.77
66,472,449.12
49,152,154.88
16,214,775.96
77,120,34.8
8,412,1071.24
134,130,182.96
12,466,946.64
40,50,144.36
235,9014,21535.9
2,1776,2448.8
39,1955,2618.15
50,197,455.67
1,1397,2318.88
61,241,528.01
65,491,714.42
24,47,205.25
218,60,253.04
65,251,583.75
31,268,1048.67
81,2036,3245.47
64,170,315.06
115,244,621.8299999999999
7,27660,51823.72
5,311,635.6800000000001
68,87,270.8
245,68,104.9
133,138,241.62
241,375,1021.61
183,220,475.28000000000003
25,178,333.56
9,863,2593.94
10,212,246.3
29,1594,2303.75
43,3307,4821.0
26,534,933.26
358,438,351.3
10,113,218.75
43,730,1604.44
9,552,948.96
149,581,610.01
1,858,2704.6600000000003
113,872,2192.4
75,955,884.14
107,332,696.89
46,562,1042.19
51,290,415.82000000000005
0,2513,3848.55
23,3317,5411.87
46,602,784.58
50,430,903.9
306,1303,3641.07
35,251,399.21
78,737,1145.43
17,1061,2171.32
107,922,1801.14
207,603,1303.9099999999999
3,1247,1842.73
63,1856,2100.6
49,1357,1905.45
319,128,206.98
44,202,570.96
3,375,885.47
337,-282,-811.86
172,220,532.94
51,962,1649.3600000000001
73,843,1648.54
99,996,636.14
29,409,547.7
58,1084,740.64
254,465,836.79
70,955,2073.8
44,439,954.09
45,24,117.47
64,189,391.98
11,9008,33362.28
25,670,1020.74
58,394,345.66
64,926,1209.1
303,27,118.95000000000002
46,134,130.73999999999998
17,1918,3650.87
38,449,389.27
19,298,234.88
186,48,160.71
51,135,110.8
4,926,2969.12
136,470,712.24
4,10799,15928.48
18,308,297.0
15,1163,1427.57
40,437,965.16
12,2527,2981.92
8,585,832.88
25,19,68.84
22,1044,1769.7800000000002
40,368,895.13
101,124,211.89
5,2037,3788.75
277,175,149.64
32,333,351.44
14,187,316.25
63,2506,4330.67
1,243,437.83
369,178,299.03
312,199,438.24
198,254,493.08000000000004
2,223,396.48
93,109,349.35
60,147,181.09
79,51,135.6
156,200,400.77
226,417,509.13
253,163,257.6
149,94,179.17
194,223,208.59
1,565,1379.63
368,39,56.25
23,216,337.28
16,372,349.75
9,2409,5126.34
8,84,164.68
19,538,1521.79
3,477,881.87
173,98,191.94
0,1013,1228.88
178,185,264.62
16,747,1466.01
247,42,123.1
190,153,334.23
19,385,525.69
154,94,163.55
172,162,323.03000000000003
372,136,363.6
372,122,127.08
194,93,207.15
67,139,426.63
4,2311,2461.85
21,885,1107.46
239,114,108.03999999999999
64,73,145.35
112,240,404.58
89,4724,6087.26
133,232,337.44
276,50,325.1
365,52,181.0
82,898,1708.24
8,567,955.24
16,284,364.72
1,712,1684.46
1,306,669.57
33,391,781.91
15,884,1632.4299999999998
24,2124,4389.81
31,211,428.89
74,33,104.35
19,298,470.76
17,434,808.87
23,205,397.68
2,120,582.9
303,116,314.1
17,1716,4194.9
235,87,99.77000000000002
39,2256,3429.55
84,243,371.01
165,275,427.64
17,1016,1054.73
77,888,1098.78
88,1560,2398.86
24,1866,3408.48
22,886,1465.12
2,1805,2759.93
123,836,1037.42
30,268,168.12
12,1533,1432.77
19,180,156.78
44,443,792.11
3,17,41.989999999999995
8,2022,2728.22
54,173,414.27
88,378,1016.6800000000001
36,2028,3074.42
2,5110,12393.7
29,1185,2735.37
12,280,578.71
211,84,101.4
47,1388,1693.81
23,323,478.78
22,366,972.11
245,202,392.4
8,2035,3352.96
35,799,1415.29
3,13942,33453.45
35,253,622.58
3,903,689.41
3,600,1440.06
47,102,211.88
39,190,408.90000000000003
1,1649,3450.2400000000002
16,487,851.01
260,255,602.63
46,358,719.81
12,377,245.75
29,338,439.65999999999997
43,243,236.09
91,1147,934.62
38,33687,60369.93
309,283,331.24
92,421,547.9
5,3506,8690.03
196,242,437.7
87,716,758.92
269,428,855.02
7,241,454.33000000000004
65,684,1313.55
30,1584,3166.4
22,733,1127.57
37,503,773.99
119,897,1340.7
85,143,243.69000000000003
40,763,1074.81
173,278,137.9
54,282,362.06
32,1793,1511.95
145,380,783.9
220,22,134.8
45,345,650.75
4,833,2140.2200000000003
65,641,1453.16
9,800,1153.62
260,262,335.32
365,228,367.14
16,935,1521.04
22,457,852.15
44,180,326.24
288,140,584.3199999999999
291,37,94.35
3,1363,2173.53
16,864,1352.0
81,104,176.6
56,1473,2799.42
100,908,1317.62
299,216,436.18
23,636,981.51
59,510,1119.31
154,154,315.06
98,602,779.36
11,633,1041.83
264,155,320.62
240,87,185.04999999999998
87,613,2005.63
50,434,731.9
9,738,1245.96
42,942,1842.14
7,558,1429.64
61,122,298.21
248,330,336.96
65,74,108.38
17,1176,3204.1600000000003
84,599,816.1
218,612,611.88
45,720,1320.95
143,574,195.73999999999998
183,176,161.38
170,43,135.75000000000003
9,994,1660.8799999999999
205,246,592.88
189,130,232.21
8,240,423.36
59,866,1294.14
57,576,854.66
73,1128,684.4200000000001
51,170,307.78
316,41,187.15
367,124,289.35
29,2125,6287.77
39,323,656.25
17,988,1880.22
51,1802,3506.54
3,8737,14305.66
21,357,603.69
262,209,517.55
59,440,709.38
18,330,635.41
52,728,708.18
88,238,620.4
249,422,535.34
3,917,2419.84
8,3072,3741.98
157,427,734.13
133,246,375.0
4,308,280.52
38,1004,1906.07
268,642,1829.04
49,1073,1824.23
8,1236,3002.2400000000002
15,344,644.24
281,236,348.2
64,1153,1009.4499999999999
1,2522,5309.83
252,4,37.4
225,92,441.59999999999997
17,432,802.53
10,1888,3770.6
8,1325,1822.97
50,1766,1880.4199999999998
59,24,73.2
95,787,1140.21
15,571,1406.57
126,651,1009.5500000000001
94,533,1037.59
50,95,331.95
138,94,197.9
60,99,215.83
100,5853,10217.48
73,152,305.54
72,3791,6617.65
67,113,338.71000000000004
64,560,1155.54
16,260,529.41
22,3008,3991.94
31,5004,6841.24
44,782,981.86
15,134,215.48
40,88,215.08
2,3204,4916.57
236,219,314.45
75,128,400.68
4,516,1068.8700000000001
3,1267,1821.52
360,191,365.27
58,261,589.15
23,218,384.18
30,512,751.03
54,272,537.0600000000001
25,140,394.38
44,333,664.26
88,1178,2247.62
1,7558,21076.3
81,153,542.77
19,241,681.19
78,48,159.0
170,420,1062.75
80,104,242.35
267,254,914.9300000000001
235,77,266.45000000000005
29,2077,3054.87
36,714,860.86
318,325,773.5500000000001
57,1116,1295.3
44,493,1096.32
203,192,255.12
219,88,308.32000000000005
87,318,1010.6
189,365,542.03
32,547,983.23
71,165,422.13
40,327,848.41
78,184,432.2
56,218,372.9
8,1634,3693.81
9,1443,2590.31
8,1968,3574.91
33,110,409.1
211,855,1522.75
23,1008,1352.3600000000001
170,182,114.56
61,78,152.94
52,950,1800.07
261,208,389.44
366,-158,-295.09
66,3233,3683.86
16,1760,2609.3
257,577,732.63
45,2994,5203.51
50,311,1035.45
17,301,728.54
360,-5,-31.65
9,2625,5323.15
73,398,861.89
71,532,617.65
353,688,1141.24
15,1022,1383.69
116,224,411.7
373,151,331.55
196,336,559.87
176,420,810.6000000000001
23,109,537.83
21,1044,1489.88
72,934,2062.06
339,114,168.3
5,1220,1529.81
31,535,812.68
169,298,142.5
117,188,280.9
8,978,2236.7400000000002
9,841,1328.55
249,181,278.55
22,198,598.2
107,134,212.82
25,2621,5305.83
138,256,361.21999999999997
213,471,602.27
37,8000,2560.0
91,465,686.67
17,394,616.26
3,165,274.15000000000003
330,75,226.37
64,1466,2755.56
119,890,1341.65
35,199,328.15
217,72,404.40000000000003
172,732,1038.46
72,78,230.70000000000002
1,231,326.75
128,270,408.59000000000003
44,164,510.54
5,662,3014.2200000000003
14,2524,3789.67
17,145,242.21
28,789,1572.8
7,32184,26626.8
36,87,151.05
157,94,214.79999999999998
284,21,94.05
107,486,534.31
24,1388,1959.38
75,157,322.41
16,175,328.58
158,18,101.10000000000001
44,288,565.46
11,341,847.45
32,799,1413.31
290,9,53.5
21,542,1100.47
332,90,153.9
17,300,494.44
3,2006,6675.71
63,150,395.8
197,92,210.32000000000002
33,246,658.88
1,1301,2024.95
7,1154,1460.3700000000001
4,2094,3349.57
9,418,891.21
32,314,627.29
53,52,109.36000000000001
11,279,705.79
17,504,1540.42
18,256,327.3
37,643,800.67
2,251,479.91
18,1026,1543.33
82,640,1301.91
33,158,355.73
66,236,458.78000000000003
8,686,965.47
267,1500,676.2
247,267,362.95
4,1408,2131.9
61,1428,1743.1499999999999
74,467,643.76
89,260,584.5
60,258,554.86
28,205,302.57
322,44,94.36
53,1229,1347.27
269,201,217.89
2,1526,2935.8
50,2317,1412.06
60,1472,1482.06
144,745,1631.15
19,245,406.21999999999997
94,172,303.93
1,3859,4063.19
264,146,293.45
302,103,161.04999999999998
70,157,443.05
302,187,167.25
18,116,154.35
12,1093,2079.68
36,1304,2022.98
19,131,211.7
53,63,135.99
56,148,262.2
21,27,126.25
44,178,200.27
26,656,1031.4
44,280,631.12
112,427,945.96
17,33584,34311.0
24,230,346.12
191,82,82.56
302,199,302.7
2,1215,1863.76
263,156,241.06
106,9,284.55
57,103,300.85
213,442,623.28
64,276,287.4
28,106,184.26
29,760,1511.8
5,463,798.35
7,2018,3640.67
67,173,381.2
1,443,609.3
46,406,645.72
33,111,230.51
0,2,2.8999999999941792
135,221,255.91
198,76,182.99
190,359,674.69
149,200,311.92
87,120,266.97
63,988,1841.18
99,1147,2158.18
218,140,208.36
2,2154,3482.7400000000002
28,876,811.23
177,48,142.92
64,12,102.0
21,1135,1383.7
19,952,1298.66
33,785,1595.96
74,31,74.9
23,260,625.42
51,521,747.82
274,141,223.95000000000002
164,195,314.86
7,882,1750.46
88,319,544.3
63,1415,2494.46
25,224,331.0
10,102,300.83
75,455,769.29
15,346,220.62
192,44,139.35
173,193,364.4
77,235,363.65
33,724,492.2
46,478,731.5
72,1113,1329.66
296,675,826.53
3,328,648.26
8,1091,1562.22
49,1396,2965.69
161,42,86.12
360,122,319.1
4,123,400.86
106,567,1421.43
25,510,465.88
31,576,777.6
19,42,90.30000000000001
296,64,363.7
372,92,248.1
21,401,916.33
4,407,874.59
52,826,1624.14
30,58,101.69999999999999
277,96,162.7
61,325,480.92
25,53,212.98
186,557,1036.6200000000001
1,4233,9295.67
2,6493,11895.57
171,106,290.36
81,106,228.06
3,171,244.41
190,198,455.25
22,915,1244.59
17,2016,6748.8
19,513,1014.19
5,356,593.75
107,249,538.17
2,477,1388.81
53,46,119.62
164,78,339.3
290,-303,-95.93
10,2294,4034.9
108,1526,2266.25
95,970,922.12
242,219,379.73
163,4595,5664.57
3,311,641.55
35,175,285.89
66,1890,3313.79
24,111,281.85
0,5346,8257.04
21,494,816.51
5,244,511.12
53,486,1077.74
364,46,173.7
15,361,614.01
194,996,865.6
3,93,124.2
8,2050,3622.95
3,1176,1285.22
127,530,999.7
73,354,648.41
71,416,451.44
155,122,70.44
113,164,313.62
373,111,233.45
80,635,908.03
248,95,463.95
232,71,225.15
71,368,459.24
68,41,213.5
4,2914,4073.28
50,116,330.03
75,64,181.09
61,335,360.16
15,97,250.15
4,184,90.04
277,70,140.7
4,1145,813.52
40,130,241.53
31,317,494.72999999999996
74,480,482.47
17,2822,3038.67
15,2410,5450.96
219,66,75.66
186,46,120.99000000000001
32,506,1187.66
70,293,618.59
182,223,506.19
15,370,500.42
235,91,151.85
31,1362,2630.64
253,129,204.41
3,88,178.96
51,302,813.48
245,39,129.45
80,488,810.5699999999999
274,164,333.08
0,2670,4379.65
79,162,322.8
29,1202,2183.04
73,489,408.63
17,1136,2863.15
222,82,217.9
32,891,1124.59
22,1254,1676.47
25,503,1169.38
105,256,231.10000000000002
4,478,679.83
245,269,487.51
177,826,833.78
169,146,214.06
38,269,270.85999999999996
71,372,518.42
53,3267,6654.26
16,723,1166.92
141,280,594.97
17,2363,3789.52
22,8873,8568.24
9,1130,874.43
368,40,123.24
189,72,39.12
16,451,810.4499999999999
362,59,135.39999999999998
19,233,118.98
68,236,567.1800000000001
15,318,306.71999999999997
23,871,1344.48
16,2524,4022.46
28,875,1692.27
2,2830,8119.6900000000005
54,181,304.24
33,631,1558.72
2,2370,3025.24
366,29,129.75
43,94,183.7
72,1407,1770.34
4,1040,1028.0
4,49391,65920.12
61,396,324.24
47,1972,2940.53
1,804,1260.86
75,312,355.09999999999997
43,137,208.63
256,151,1126.0
68,203,477.86
135,146,657.9000000000001
241,27,112.75
226,840,1998.0
8,4019,5040.0
8,6211,5150.2699999999995
0,5458,13946.130000000001
37,249,531.35
45,285,656.63
84,851,3029.87
19,1823,2467.99
3,833,1651.03
9,1727,3603.66
18,4259,6827.88
317,586,864.0600000000001
78,642,301.71999999999997
266,44,319.8000000000001
9,1562,3263.06
369,407,606.0500000000001
14,1173,1753.72
26,180,152.95
262,172,292.47
17,4989,4711.21
91,398,576.4
302,286,750.87
26,945,1358.74
364,167,256.32
46,671,1048.28
36,5706,7045.41
52,898,702.79
31,317,603.75
52,345,646.76
78,1513,2216.06
172,169,312.55
46,-190,-464.9
29,1998,2166.88
11,798,1291.91
86,6711,7157.1
4,4657,6676.76
25,577,826.96
17,880,1515.9
44,214,623.93
30,1031,1764.72
372,54,207.5
58,189,223.92000000000002
372,4280,2002.4
114,1052,1463.23
214,106,239.4
318,81,106.83000000000001
65,203,369.34000000000003
7,608,772.84
96,341,316.62
19,480,1207.24
185,318,594.9
3,1241,2749.9500000000003
273,536,1145.6
30,4423,5575.56
47,191,458.04
260,80,361.54
57,444,731.9
33,1475,2230.61
57,171,171.59
67,318,654.92
10,439,1691.51
60,254,371.54
80,62,222.62
74,194,245.94
2,5212,10436.05
100,270,422.24
365,111,294.65
10,696,2230.3
19,24,107.6
123,303,592.74
8,32,80.8
3,892,1520.1200000000001
29,752,1677.53
282,44,110.38000000000001
57,146,243.84
1,918,1173.28
365,239,414.88
89,186,305.62
11,524,1162.65
163,307,842.33
65,245,332.3
23,246,536.99
173,539,460.59
103,355,736.21
142,777,1106.59
99,196,288.42
23,651,912.74
192,112,275.64
4,477,547.07
360,81,479.35
8,1501,1652.18
14,2690,6398.3
103,274,417.06
2,762,1446.95
10,2162,3317.97
95,307,497.61
227,136,358.38
15,236,460.64
38,566,775.1800000000001
51,158,341.7
112,58,113.5
156,99,197.22
38,264,325.91
184,33,199.15
1,440,1106.53
227,358,413.46
128,61,180.85
39,165,251.87
31,1562,3167.73
197,184,582.9
8,8471,15362.28
36,2234,1774.62
64,692,1260.44
42,10154,10183.82
50,135,214.32
43,78,193.44
52,182,281.42
186,33,124.57
333,249,332.41
4,271,342.45
10,56,144.91000000000003
23,164,328.4
14,12,35.400000000000006
366,83,345.89000000000004
106,655,458.14
59,134,156.06
29,392,481.35
140,60,207.73999999999998
22,579,797.3199999999999
22,1250,2761.4900000000002
77,600,680.02
4,3825,7066.31
64,1044,2023.47
12,458,846.62
24,0,0.0
30,746,1491.43
66,424,705.12
187,103,272.48
37,320,429.84000000000003
15,178,450.41
35,156,192.32999999999998
194,925,1578.67
1,265,742.43
1,232,489.49
366,62,145.93
64,91,202.27
299,58,213.03
26,379,436.68
7,520,1271.06
11,724,869.2
116,629,1706.88
29,247,363.2
4,1973,3634.95
5,1380,3020.65
81,263,559.59
29,286,928.76
64,434,364.14
4,884,1508.96
23,1011,2515.93
290,82,113.44
36,112,183.76
9,132,621.6800000000001
23,431,562.41
276,232,391.52
49,708,1043.34
156,1403,2592.25
61,154,154.18
12,3110,6488.3
21,454,722.64
371,35,230.25
115,993,543.05
80,2071,2740.65
3,929,1295.39
26,339,378.89
5,3134,4554.87
53,82,150.23000000000002
1,281,530.08
54,397,931.03
25,171,261.9
8,1018,1878.43
52,2169,3049.88
12,801,1878.51
211,145,816.73
21,2725,4345.5
235,312,406.48
138,1614,435.02
3,790,1161.27
56,644,1178.56
123,1306,1262.75
109,92,167.61
0,1054,2085.08
184,246,493.67
9,112,292.34
239,172,416.64
87,49,117.35000000000001
38,301,505.1
116,125,234.17
187,35,110.55000000000001
226,243,192.07
8,1979,2148.97
189,333,319.02
4,326,439.43
39,815,635.41
38,72,357.21
267,88,251.51999999999998
77,166,344.33
3,860,1809.05
255,739,1028.46
60,182,384.06
12,1322,1894.82
78,2365,4370.59
17,1830,5461.62
29,1040,1873.2
3,401,1616.8
5,43,126.12
7,1233,1133.25
10,857,1601.8600000000001
30,534,1427.46
288,360,702.0
149,74,287.5
23,294,484.82
0,2164,3989.57
73,678,1487.78
46,771,1312.1399999999999
4,271,766.78
50,587,877.4300000000001
16,116,185.46
30,186,270.9
8,238,562.6800000000001
28,1978,1838.6100000000001
2,6613,8574.11
40,176,920.1
11,820,1258.08
31,108,71.0
45,69,95.85
60,235,357.77
185,97,154.82999999999998
78,410,835.86
110,400,716.0
63,146,146.87
11,235,380.35
86,750,1030.14
16,405,719.5699999999999
245,201,388.33
78,652,1253.22
30,28,112.4
137,181,449.73
26,923,1055.69
2,990,1036.58
32,998,1735.18
8,487,897.4300000000001
113,106,339.44
157,510,642.02
85,533,1100.9
115,474,864.32
2,2666,5589.83
96,1595,3185.64
194,179,240.89000000000001
28,251,399.09
128,121,496.38
28,802,1353.83
81,592,1179.89
29,1850,3080.39
266,216,234.24
73,1484,5116.13
313,404,524.39
8,763,1421.59
58,316,855.45
12,2149,4525.09
28,1482,2655.2200000000003
114,131,304.24
8,1182,2385.48
17,758,1444.84
17,289,813.77
36,295,841.0799999999999
36,782,375.86
78,24,118.80000000000001
22,164,285.5
25,77,288.91
33,1049,2003.85
109,772,1405.78
35,1702,2747.9900000000002
123,783,1550.8
7,1858,2035.08
28,868,1991.01
4,902,1972.55
2,1743,3802.81
50,1130,1774.03
318,148,270.20000000000005
22,614,1296.36
9,332,992.6800000000001
2,457,937.92
18,800,971.74
10,815,1621.73
159,693,665.78
32,4526,10362.48
29,572,865.9300000000001
165,50,163.29999999999998
47,282,231.61
5,206,739.72
8,368,806.9000000000001
288,68,116.19999999999999
317,154,157.02
3,326,578.61
233,120,307.46
119,80,138.32
161,246,345.29999999999995
185,129,294.24
50,281,230.5
152,778,976.55
334,76,157.09
5,983,2463.17
15,2730,4892.240000000001
106,98,413.2
16,1224,1139.73
275,126,380.5
15,5157,10567.87
247,296,454.12
239,81,579.0
1,483,984.57
105,212,749.78
22,878,1679.64
51,82,124.88
194,477,1503.5
24,104,213.78
75,490,329.34
17,242,251.70000000000002
7,169,306.55
32,778,1266.97
21,1110,1534.73
31,2854,3488.03
28,1000,1707.21
21,66,293.1
32,1500,2466.4
284,100,158.68
38,75,189.49
50,519,816.88
289,185,224.91
78,480,317.76
5,1121,3755.65
217,41,59.9
44,865,1430.94
201,170,306.13
178,290,711.79
56,667,768.32
57,241,239.92000000000002
7,1264,3286.9100000000003
46,200,144.0
226,144,203.95
11,1301,2275.58
106,226,383.75
58,160,249.74
28,1166,2093.68
35,1238,1674.46
360,112,226.78
29,191,1013.01
23,357,692.22
53,231,289.78
35,2846,3560.08
169,589,1352.91
53,884,384.08
53,76,204.24
26,1310,2299.67
253,147,226.85
40,1167,2741.08
60,271,974.12
234,24,113.5
4,955,1951.97
31,89,114.23
24,1897,3187.55
7,287,334.48
65,122,328.65
310,109,381.89
308,406,393.49
18,741,939.32
15,1532,1906.09
96,185,318.76
264,1553,3466.67
12,1718,3078.22
2,202,417.77
35,131,190.88
182,55,149.89000000000001
25,224,550.06
12,474,916.13
11,105,314.69
2,1807,3719.1
312,149,379.95
108,611,1135.04
1,3308,8483.35
53,616,954.9
204,75,171.45
15,105,280.09000000000003
120,213,318.65
3,167,381.97
362,108,269.83
116,192,348.91
18,43,178.26
4,251,271.19
40,227,291.48
107,141,240.0
148,388,581.23
52,367,1253.3600000000001
208,36,63.440000000000005
138,389,550.01
2,153,296.58
127,158,317.2
107,844,763.64
42,1776,2144.53
35,77,107.82
227,430,1065.3500000000001
241,179,246.04
57,48,187.82999999999998
130,1866,1685.46
60,1360,1636.58
21,117,151.37
26,556,1049.06
9,1201,1417.63
31,512,922.77
3,397,513.01
8,1135,1854.06
28,293,547.0
17,65,128.18
101,387,498.42
11,668,656.61
21,137,163.24
14,573,1119.93
361,144,250.04
10,11470,8600.73
95,41,82.75
78,1005,1384.85
138,372,644.3
17,1382,2288.13
24,1884,2514.76
0,3805,6153.35
46,1074,2524.02
100,634,1200.6200000000001
8,364,657.16
15,750,891.04
17,843,986.48
280,60,96.8
14,142,523.11
22,120,363.9
85,375,494.25
301,314,306.6
151,1217,1896.06
17,3040,6455.95
94,152,243.36
9,5903,12158.300000000001
156,443,682.29
355,56,193.64
46,65,157.62
15,341,519.6899999999999
3,1599,2557.9
14,1398,1156.6
179,102,98.25
8,734,1251.44
36,113,587.15
129,1200,1740.0
50,1006,1393.06
311,166,178.22
24,152,384.39
303,190,360.81
11,161,127.86
17,328,568.24
49,157,488.2
239,191,312.23
0,2671,4437.23
12,4737,4762.32
238,149,167.55
23,666,1315.72
72,540,446.18
17,151,418.4
40,747,1337.18
40,408,646.92
218,85,495.77
190,361,372.5
70,86,203.2
23,2037,3883.32
11,623,389.71999999999997
8,25646,20272.43
4,148,193.39000000000001
19,88,336.4
14,197,256.11
7,1902,2686.42
19,522,746.81
77,1068,1259.56
0,7442,31317.48
163,480,508.8
306,275,411.27
219,241,203.86999999999998
39,2004,7312.8
22,250,681.41
114,310,653.38
126,1088,2097.84
4,700,2598.85
36,111,263.92
4,32320,30175.82
1,705,967.22
330,777,1912.72
163,3,32.65
184,105,771.85
16,616,1214.72
12,298,748.94
2,738,1258.06
43,2100,778.0
79,114,507.84
29,4266,6838.34
42,289,463.46000000000004
11,1872,4200.97
50,265,598.83
16,2195,1853.1299999999999
45,421,663.63
19,407,759.17
4,3082,5022.26
71,34,100.8
0,9435,17078.45
120,616,512.12
32,190,265.76
313,292,403.3
18,207,365.76
88,185,303.15999999999997
2,1685,2333.42
1,90,216.29999999999998
247,100,378.3
147,232,177.1
29,1490,2210.2599999999998
151,2118,2389.1
176,198,120.9
40,443,541.53
2,1113,2500.21
8,69021,189575.53
1,1178,1648.95
17,219,486.71999999999997
192,243,517.53
203,66,131.7
365,222,249.86
126,826,1737.7
15,170,316.5
43,537,657.3
78,176,452.63
22,770,735.82
51,224,662.94
16,1081,1860.81
158,220,289.96000000000004
10,306,763.28
10,116,137.0
16,778,1843.06
44,1675,1125.07
191,455,697.54
79,178,194.37
73,336,506.51
3,1060,1249.34
65,191,414.04
261,191,396.87
58,428,376.64
0,1022,1936.83
1,2012,3541.92
248,155,374.57
7,229,497.56
358,79,271.05
75,394,272.22
289,711,622.88
17,17,1138.0
220,160,288.6
9,376,689.1
2,486,558.96
206,1456,2745.2799999999997
161,556,1145.84
70,136,294.29
261,359,605.58
280,289,387.31
57,3508,6069.24
24,214,308.48
2,63014,88138.2
28,2752,2920.04
72,254,513.2
128,135,208.65
31,243,639.02
15,414,764.88
308,102,153.94
17,1233,1839.07
53,365,546.81
24,518,721.9599999999999
1,1022,1066.15
11,872,652.74
361,90,145.0
359,82,422.70000000000005
1,257,706.7
53,463,888.86
1,2130,3540.1
1,1511,2362.53
190,136,296.7
53,103,223.36
280,136,164.4
177,6,76.5
29,699,887.67
25,134,98.42
8,193,570.4
269,134,170.75
43,337,642.32
372,-4,-11.8
217,-132,-141.48
23,210,148.86
197,86,267.16
359,142,290.34
60,709,913.91
129,1048,1487.6
1,1763,1952.45
19,348,480.31
205,101,157.9
14,306,541.46
94,635,854.95
19,144,165.12
14,813,1107.38
24,146,454.01
8,497,869.77
7,2428,4012.56
332,159,344.14
50,875,1424.42
71,95,226.75000000000003
29,302,362.9
242,77,185.65
8,1927,3399.93
190,90,124.74
4,256,440.2
252,87,212.77
0,5849,10716.31
236,123,175.27
7,446,1227.3
109,1650,1116.68
100,676,1240.2
60,1630,2402.92
2,820,1451.77
73,999,2192.7200000000003
3,3083,3908.08
85,550,993.18
12,228,386.69
23,4376,2806.69
213,1176,2044.3700000000001
17,144,161.67000000000002
239,103,116.00999999999999
2,4100,5002.22
50,73,390.97
217,169,309.36
33,229,191.99
40,690,1089.98
3,2542,3924.77
53,1789,2000.32
22,2464,4494.77
57,235,386.32
130,140,329.6
173,224,571.1999999999999
5,319,930.28
312,124,214.37
59,60,81.44
21,510,1336.1
32,265,527.0500000000001
14,554,843.48
18,1180,2020.4
81,79,75.75
5,1620,1769.12
169,158,503.59999999999997
1,334,528.33
31,630,1242.34
36,838,2358.59
8,176,265.93
31,280,547.0600000000001
276,49,108.5
86,250,621.66
119,474,712.29
373,71,101.55
1,1741,2768.98
219,320,995.6600000000001
65,30,133.06
60,486,1789.55
134,398,861.74
21,150,166.08
11,3100,3886.67
25,2476,4692.13
29,1400,1160.88
277,41,117.55
10,956,2571.7400000000002
73,1399,1674.69
10,522,485.88
3,1486,2954.75
141,121,178.75
25,793,1788.27
18,604,604.64
3,596,728.16
66,1033,2055.51
1,93,347.75
42,1916,3406.7200000000003
227,110,205.7
15,659,1284.08
43,1672,3106.62
1,1460,1588.07
74,672,551.04
1,8277,20083.1
4,922,1371.18
1,9722,16201.37
263,207,298.11
52,729,1992.1100000000001
23,96,184.4
10,1365,2459.33
43,145,239.41
16,1907,3155.83
7,2478,5739.46
30,1763,4717.3
358,134,290.40000000000003
127,618,718.0799999999999
136,229,187.02
141,184,283.12
131,779,765.34
38,1730,2201.05
236,93,338.95
260,93,154.95
16,1261,2508.89
252,109,417.95
30,1320,1719.72
35,590,798.74
168,343,885.19
3,957,1781.12
4,3833,10097.37
185,144,152.4
187,90,263.33
169,17,137.45
10,246,385.1
44,215,522.91
320,92,153.0
22,3004,5505.79
232,83,139.35
37,2455,5367.8
26,576,1195.94
96,1572,2380.64
127,792,3276.4000000000005
57,289,995.6500000000001
16,2141,3371.13
9,639,1042.55
3,1465,2860.71
3,3567,5288.83
79,392,878.2
372,93,303.97
38,463,692.19
53,422,700.63
2,8439,13110.02
9,237,337.49
9,108,168.24
19,1027,1863.35
11,856,2786.05
113,89,355.11
3,3412,2322.4
234,26,98.8
100,11,64.65
178,320,674.52
5,3696,1694.16
0,1767,1632.31
1,3313,5569.64
19,2054,3408.2000000000003
17,696,818.71
21,239,287.59
32,398,712.78
50,351,772.55
158,143,367.63
15,128,271.2
8,1122,2081.9
12,1845,3920.08
198,365,1143.27
56,283,245.33
10,55,173.45
96,507,1203.78
254,72,56.4
24,501,647.56
21,393,633.92
159,34,188.02
72,354,283.47
53,67,131.94
85,195,266.85
152,896,1817.54
73,210,1112.95
281,74,225.9
26,835,1964.3
29,46,106.1
25,226,300.34
179,305,342.83
40,176,690.0
22,498,780.43
22,1750,3009.32
37,731,1186.21
82,743,1251.84
73,478,512.31
11,727,546.04
16,2016,5344.85
4,4096,7595.1
12,329,699.81
14,739,1641.79
36,30,36.56
4,67,387.68
71,1027,3661.0699999999997
191,-5,-24.05
51,408,298.4
5,1240,1987.33
8,631,1074.97
298,496,889.24
1,92,398.7
33,12,35.400000000000006
49,208,155.37
2,344,342.24
47,87,109.83
42,505,1502.48
26,1397,2267.4
42,257,318.15
1,22613,39861.49
303,88,197.73
106,52,51.559999999999995
81,398,901.1999999999999
218,114,605.8000000000001
302,1696,5303.4800000000005
11,53,114.34
185,84,311.26
372,197,208.97
1,825,1378.79
3,14652,25185.84
5,2694,5140.66
304,102,141.92000000000002
368,93,226.45000000000002
3,1965,2056.28
323,100,330.9
59,2638,3160.0
12,706,554.85
30,5697,10156.44
142,173,325.7
30,219,583.52
107,111,428.18
2,1350,1860.94
204,182,155.9
80,986,1624.7800000000002
185,209,658.26
170,98,237.61
43,401,379.45
173,45,178.51999999999998
364,314,458.92
304,32,133.35000000000002
3,374,664.34
3,817,695.0699999999999
12,110,156.34
31,469,869.28
129,30,111.35
18,424,515.73
212,77,201.37
322,402,586.89
162,393,203.85999999999999
56,109,244.1
225,149,107.21
71,402,1118.54
44,127,95.45
23,288,256.32
172,216,516.3100000000001
85,190,152.06
159,170,154.55
164,0,0.0
29,24,110.38
21,58,168.32
71,406,798.99
247,26,72.9
373,169,232.03
9,223,366.23
310,182,294.65999999999997
58,288,408.65
3,457,329.36
45,184,335.03
88,756,1304.04
4,2471,4107.6
64,425,820.23
1,1141,2894.33
133,306,397.29
45,68,184.46
11,107,834.5
35,1594,1740.48
134,249,408.36
29,789,1331.57
51,478,704.25
138,81,142.89
5,257,380.13
8,1754,4301.22
159,40,99.14
49,9322,2152.1800000000003
130,252,304.56
7,38,77.50000000000001
233,75,149.57999999999998
37,168,176.68
1,27572,53215.74
72,342,472.12
39,610,990.8400000000001
5,2216,2276.78
198,273,557.3
66,275,110.72
116,84,508.4599999999999
171,41,73.78
21,560,1296.44
142,127,102.41
31,294,463.21
37,1532,2599.19
37,2571,1098.43
371,73,112.27
373,151,265.1
166,152,228.2
211,513,562.79
241,36,135.19
51,176,337.04
24,500,703.99
15,1547,4384.76
372,93,321.79
29,342,288.14
365,499,300.91999999999996
35,377,709.11
165,682,811.45
145,98,152.68
22,171,631.35
185,261,198.57
11,42,191.17000000000002
236,414,630.84
225,25,93.35
121,471,626.09
281,133,76.1
74,2075,1520.47
37,219,380.39
12,362,415.13
362,75,157.92
3,86,226.47
23,220,444.68
70,1581,2116.19
235,123,242.29
256,60,174.8
373,71,102.78999999999999
155,285,187.29
28,65,154.27
4,157,120.03
32,1027,1477.66
81,300,523.0
108,55,122.14
51,7,38.45
35,703,612.72
152,148,236.77999999999997
98,78,115.31
4,66,220.7
334,42,73.5
65,252,93.82000000000001
21,559,418.68
35,584,713.89
32,232,403.12
154,20,70.02
19,148,357.20000000000005
11,3749,4075.12
53,33,165.04999999999998
24,265,529.29
4,1032,2085.65
45,138,178.34
203,127,172.29000000000002
359,40,74.4
66,301,297.07
7,2447,6729.29
288,211,363.65
9,88,170.16
9,253,296.71
21,955,2119.41
173,396,720.52
133,384,814.0
5,1024,2380.08
75,108,318.0
40,189,396.33
26,1293,1994.39
257,260,453.0
155,48,12.239999999999997
114,3088,3786.7400000000002
373,190,489.6
23,1437,2538.7200000000003
8,1839,2584.41
217,145,336.13
45,7347,3613.15
18,642,1231.5
36,195,343.45
25,608,680.84
16,311,87.52999999999999
330,265,689.95
274,106,101.34
144,3570,2917.3199999999993
61,107,166.03
2,4250,9065.76
93,1381,2083.42
81,2518,3017.3
312,419,580.0500000000001
11,788,849.06
7,1661,2657.45
127,149,168.31
11,87,222.4
0,64124,259657.3
37,362,754.64
37,46,113.48000000000002
329,126,421.9
248,82,264.65
1,4212,7877.27
19,65,168.55
12,255,352.69
290,55,220.1
67,819,1399.51
25,604,314.4
10,2848,5564.63
367,124,180.7
214,31,111.15
149,438,653.3
8,1215,1791.84
24,582,574.4399999999999
29,799,1130.1
60,129,198.58
19,187,347.08
243,48,112.55000000000001
8,817,1045.74
29,349,681.9100000000001
63,373,761.83
295,38,152.65
17,5557,8438.34
151,1273,1014.9
116,570,1000.16
7,1343,2888.75
12,2625,2861.55
140,153,160.35000000000002
45,203,179.33999999999997
50,310,612.0799999999999
32,332,566.58
134,355,653.35
3,255,399.19
75,258,347.82
12,283,675.64
9,353,451.75
301,139,530.15
57,294,638.0600000000001
10,810,1612.79
31,183,394.7
177,254,302.46000000000004
3,360,1361.51
176,583,1123.74
60,61,202.65
33,409,980.31
58,477,1208.51
14,3170,7490.17
86,1220,2106.84
353,279,448.65
31,704,1313.6200000000001
113,979,1573.41
9,1360,1793.17
4,1721,1843.75
24,133,366.85
218,362,600.52
249,183,304.25
15,1167,1998.49
77,564,1084.34
192,139,274.51
261,140,207.79999999999998
71,339,957.97
150,120,212.96
64,448,896.0
95,431,686.63
4,3839,5083.06
106,104,150.35
199,581,1396.99
157,43,160.42000000000002
71,1188,1960.95
36,192,517.36
28,58,139.10000000000002
1,1398,2621.38
25,359,600.07
326,92,216.07
236,232,232.48000000000002
89,118,299.34000000000003
31,200,481.75
29,491,621.75
206,498,606.22
2,883,2019.77
219,282,297.78000000000003
22,789,1033.31
92,335,443.0
1,2891,6318.07
263,69,158.95000000000002
3,3204,5356.86
38,3459,5192.1
217,21,93.75
50,236,769.2
11,2488,7276.900000000001
9,1298,2716.6000000000004
192,806,2054.67
81,299,582.47
71,1578,1796.48
29,403,882.24
2,622,987.1
218,795,1561.6100000000001
46,126,422.58
9,1047,2058.09
72,1017,2232.4900000000002
7,1781,2507.56
23,166,596.1
113,501,783.02
17,128,95.34
301,198,342.92
87,7824,4314.72
50,234,518.27
89,74,103.3
354,-70,-50.1
39,1011,2274.03
24,714,2338.6000000000004
172,1466,2580.15
43,146,324.24
140,182,149.48
23,1467,1211.08
72,309,771.51
134,0,0.0
358,70,138.9
38,98,244.9
2,2044,3064.78
2,80,204.0
17,0,1.7763568394002505e-15
21,184,323.36
58,67,97.63
73,66,173.9
277,45,180.60000000000002
180,54,80.82
7,98,176.6
3,1355,2039.58
42,1586,1837.28
